,name,company,year,Price,kms_driven,fuel_type,short_name
0,Hyundai Santro Xing XO eRLX Euro III,Hyundai,2007,80000,45000,Petrol,Hyundai Santro
1,Mahindra Jeep CL550 MDI,Mahindra,2006,425000,40,Diesel,Mahindra Jeep
2,Hyundai Grand i10 Magna 1.2 Kappa VTVT,Hyundai,2014,325000,28000,Petrol,Hyundai Grand
3,Ford EcoSport Titanium 1.5L TDCi,Ford,2014,575000,36000,Diesel,Ford EcoSport
4,Ford Figo,Ford,2012,175000,41000,Diesel,Ford Figo
5,Hyundai Eon,Hyundai,2013,190000,25000,Petrol,Hyundai Eon
6,Ford EcoSport Ambiente 1.5L TDCi,Ford,2016,830000,24530,Diesel,Ford EcoSport
7,Maruti Suzuki Alto K10 VXi AMT,Maruti,2015,250000,60000,Petrol,Maruti Suzuki
8,Skoda Fabia Classic 1.2 MPI,Skoda,2010,182000,60000,Petrol,Skoda Fabia
9,Maruti Suzuki Stingray VXi,Maruti,2015,315000,30000,Petrol,Maruti Suzuki
10,Hyundai Elite i20 Magna 1.2,Hyundai,2014,415000,32000,Petrol,Hyundai Elite
11,Mahindra Scorpio SLE BS IV,Mahindra,2015,320000,48660,Diesel,Mahindra Scorpio
12,Hyundai Santro Xing XO eRLX Euro III,Hyundai,2007,80000,45000,Petrol,Hyundai Santro
13,Mahindra Jeep CL550 MDI,Mahindra,2006,425000,40,Diesel,Mahindra Jeep
14,Audi A8,Audi,2017,1000000,4000,Petrol,Audi A8
15,Audi Q7,Audi,2014,500000,16934,Diesel,Audi Q7
16,Mahindra Scorpio S10,Mahindra,2016,350000,43000,Diesel,Mahindra Scorpio
17,Maruti Suzuki Alto 800,Maruti,2014,160000,35550,Petrol,Maruti Suzuki
18,Mahindra Scorpio S10,Mahindra,2016,350000,43000,Diesel,Mahindra Scorpio
19,Mahindra Scorpio S10,Mahindra,2016,310000,39522,Diesel,Mahindra Scorpio
20,Maruti Suzuki Alto 800 Vxi,Maruti,2015,75000,39000,Petrol,Maruti Suzuki
21,Hyundai i20 Sportz 1.2,Hyundai,2012,100000,55000,Petrol,Hyundai i20
22,Hyundai i20 Sportz 1.2,Hyundai,2012,100000,55000,Petrol,Hyundai i20
23,Hyundai i20 Sportz 1.2,Hyundai,2012,100000,55000,Petrol,Hyundai i20
24,Maruti Suzuki Alto 800 Lx,Maruti,2017,190000,72000,Petrol,Maruti Suzuki
25,Maruti Suzuki Vitara Brezza ZDi,Maruti,2016,290000,15975,Diesel,Maruti Suzuki
26,Maruti Suzuki Alto LX,Maruti,2008,95000,70000,Petrol,Maruti Suzuki
27,Mahindra Bolero DI,Mahindra,2017,180000,23452,Diesel,Mahindra Bolero
28,Maruti Suzuki Swift Dzire ZDi,Maruti,2014,385000,35522,Diesel,Maruti Suzuki
29,Mahindra Scorpio S10 4WD,Mahindra,2015,250000,48508,Diesel,Mahindra Scorpio
30,Maruti Suzuki Swift Vdi BSIII,Maruti,2017,180000,15487,Petrol,Maruti Suzuki
31,Maruti Suzuki Wagon R VXi BS III,Maruti,2013,105000,39000,Petrol,Maruti Suzuki
32,Maruti Suzuki Wagon R VXi Minor,Maruti,2013,105000,39000,Petrol,Maruti Suzuki
33,Toyota Innova 2.0 G 8 STR BS IV,Toyota,2012,650000,82000,Diesel,Toyota Innova
34,Renault Lodgy 85 PS RXL,Renault,2018,689999,20000,Diesel,Renault Lodgy
35,Skoda Yeti Ambition 2.0 TDI CR 4x2,Skoda,2012,448000,68000,Diesel,Skoda Yeti
36,Maruti Suzuki Baleno Delta 1.2,Maruti,2017,549000,32000,Diesel,Maruti Suzuki
37,Renault Duster 110 PS RxZ Diesel Plus,Renault,2012,501000,38000,Diesel,Renault Duster
38,Renault Duster 85 PS RxE Diesel,Renault,2013,489999,27000,Diesel,Renault Duster
39,Honda City 1.5 S MT,Honda,2011,280000,33000,Petrol,Honda City
40,Maruti Suzuki Alto K10 VXi AMT,Maruti,2015,250000,60000,Petrol,Maruti Suzuki
41,Maruti Suzuki Dzire,Maruti,2013,349999,46000,Diesel,Maruti Suzuki
42,Honda Amaze,Honda,2013,284999,46000,Diesel,Honda Amaze
43,Honda Amaze 1.5 SX i DTEC,Honda,2015,345000,36000,Diesel,Honda Amaze
44,Honda City,Honda,2015,499999,55000,Petrol,Honda City
45,Datsun Redi GO S,Datsun,2017,235000,16000,Petrol,Datsun Redi
46,Maruti Suzuki SX4 ZXI MT,Maruti,2010,249999,36000,Petrol,Maruti Suzuki
47,Mitsubishi Pajero Sport Limited Edition,Mitsubishi,2015,1475000,47000,Diesel,Mitsubishi Pajero
48,Mahindra Bolero DI,Mahindra,2017,180000,23452,Diesel,Mahindra Bolero
49,Maruti Suzuki Swift Dzire ZDi,Maruti,2014,385000,35522,Diesel,Maruti Suzuki
50,Mahindra Scorpio S10 4WD,Mahindra,2015,250000,48508,Diesel,Mahindra Scorpio
51,Maruti Suzuki Swift Vdi BSIII,Maruti,2017,180000,15487,Petrol,Maruti Suzuki
52,Maruti Suzuki Wagon R VXi BS III,Maruti,2013,105000,39000,Petrol,Maruti Suzuki
53,Maruti Suzuki Wagon R VXi Minor,Maruti,2013,105000,39000,Petrol,Maruti Suzuki
54,Mahindra Scorpio S10,Mahindra,2015,395000,35000,Diesel,Mahindra Scorpio
55,Maruti Suzuki Swift VXi 1.2 ABS BS IV,Maruti,2017,220000,30874,Petrol,Maruti Suzuki
56,Honda City ZX CVT,Honda,2017,170000,15000,Diesel,Honda City
57,Maruti Suzuki Wagon R LX BS IV,Maruti,2013,85000,29685,Petrol,Maruti Suzuki
58,Ford Figo,Ford,2012,175000,41000,Diesel,Ford Figo
59,Hyundai Eon,Hyundai,2013,190000,25000,Petrol,Hyundai Eon
60,Tata Indigo eCS LS CR4 BS IV,Tata,2017,200000,130000,Diesel,Tata Indigo
61,Ford EcoSport Ambiente 1.5L TDCi,Ford,2016,830000,24530,Diesel,Ford EcoSport
62,Tata Indigo eCS LS CR4 BS IV,Tata,2017,200000,130000,Diesel,Tata Indigo
63,Mahindra Scorpio SLE BS IV,Mahindra,2012,570000,19000,Diesel,Mahindra Scorpio
64,Volkswagen Polo Highline Exquisite P,Volkswagen,2014,315000,60000,Petrol,Volkswagen Polo
65,Skoda Fabia Classic 1.2 MPI,Skoda,2010,182000,60000,Petrol,Skoda Fabia
66,Maruti Suzuki Stingray VXi,Maruti,2015,315000,30000,Petrol,Maruti Suzuki
67,Chevrolet Spark LS 1.0,Chevrolet,2010,110000,41000,Petrol,Chevrolet Spark
68,Renault Duster 110PS Diesel RxZ,Renault,2012,501000,35000,Diesel,Renault Duster
69,Honda City,Honda,2015,448999,54000,Petrol,Honda City
70,Mini Cooper S 1.6,Mini,2013,1891111,13000,Petrol,Mini Cooper
71,Datsun Redi GO S,Datsun,2017,235000,16000,Petrol,Datsun Redi
72,Skoda Fabia 1.2L Diesel Ambiente,Skoda,2011,159500,38200,Diesel,Skoda Fabia
73,Honda Amaze,Honda,2015,344999,22000,Petrol,Honda Amaze
74,Honda Amaze,Honda,2015,344999,22000,Petrol,Honda Amaze
75,Renault Duster,Renault,2014,449999,50000,Diesel,Renault Duster
76,Mini Cooper S 1.6,Mini,2013,1891111,13500,Petrol,Mini Cooper
77,Mahindra Scorpio S4,Mahindra,2015,865000,30000,Diesel,Mahindra Scorpio
78,Mahindra Scorpio VLX 2WD BS IV,Mahindra,2014,699000,50000,Diesel,Mahindra Scorpio
79,Mahindra Quanto C8,Mahindra,2013,375000,20000,Diesel,Mahindra Quanto
80,Ford EcoSport,Ford,2017,489999,39000,Petrol,Ford EcoSport
81,Honda Brio,Honda,2012,224999,30000,Petrol,Honda Brio
82,Volkswagen Vento Highline Plus 1.5 Diesel AT,Volkswagen,2019,1200000,3600,Diesel,Volkswagen Vento
83,Hyundai i20 Magna,Hyundai,2009,195000,32000,Petrol,Hyundai i20
84,Toyota Corolla Altis Diesel D4DG,Toyota,2010,351000,38000,Diesel,Toyota Corolla
85,Hyundai Verna Transform SX VTVT,Hyundai,2008,160000,45000,Petrol,Hyundai Verna
86,Toyota Corolla Altis Petrol Ltd,Toyota,2009,240000,35000,Petrol,Toyota Corolla
87,Honda City 1.5 EXi New,Honda,2005,90000,50000,Petrol,Honda City
88,Hyundai Elite i20 Magna 1.2,Hyundai,2014,415000,32000,Petrol,Hyundai Elite
89,Skoda Fabia 1.2L Diesel Elegance,Skoda,2011,155000,45863,Diesel,Skoda Fabia
90,BMW 3 Series 320i,BMW,2011,600000,60500,Petrol,BMW 3
91,Maruti Suzuki A Star Lxi,Maruti,2011,189500,12500,Petrol,Maruti Suzuki
92,Toyota Etios GD,Toyota,2013,350000,60000,Diesel,Toyota Etios
93,Ford Figo Diesel EXI Option,Ford,2012,210000,35000,Diesel,Ford Figo
94,Maruti Suzuki Swift Dzire VXi 1.2 BS IV,Maruti,2014,390000,35000,Petrol,Maruti Suzuki
95,Chevrolet Beat LT Diesel,Chevrolet,2012,135000,45000,Diesel,Chevrolet Beat
96,BMW 7 Series 740Li Sedan,BMW,2009,1600000,35000,Petrol,BMW 7
97,Mahindra XUV500 W8 AWD 2013,Mahindra,2013,701000,38000,Diesel,Mahindra XUV500
98,Hyundai i10 Magna 1.2,Hyundai,2014,265000,18000,Petrol,Hyundai i10
99,Hyundai Verna Fluidic New,Hyundai,2015,525000,35000,Diesel,Hyundai Verna
100,Maruti Suzuki Swift VXi 1.2 BS IV,Maruti,2013,372000,13349,Petrol,Maruti Suzuki
101,Maruti Suzuki Ertiga ZXI Plus,Maruti,2016,635000,29000,Petrol,Maruti Suzuki
102,Ford EcoSport Titanium 1.5L TDCi,Ford,2014,550000,44000,Diesel,Ford EcoSport
103,Maruti Suzuki Ertiga Vxi,Maruti,2016,575000,29000,Petrol,Maruti Suzuki
104,Maruti Suzuki Ertiga VDi,Maruti,2013,485000,42000,Diesel,Maruti Suzuki
105,Maruti Suzuki Alto LXi BS III,Maruti,2012,155000,14000,Petrol,Maruti Suzuki
106,Hyundai Grand i10 Asta 1.1 CRDi,Hyundai,2014,345000,49000,Diesel,Hyundai Grand
107,Honda Amaze 1.2 S i VTEC,Honda,2014,325000,42000,Petrol,Honda Amaze
108,Hyundai i20 Asta 1.4 CRDI 6 Speed,Hyundai,2012,329500,36200,Diesel,Hyundai i20
109,Ford Figo Diesel EXI,Ford,2014,195000,50000,Diesel,Ford Figo
110,Maruti Suzuki Eeco 5 STR WITH AC HTR,Maruti,2015,251111,55000,Petrol,Maruti Suzuki
111,Maruti Suzuki Ertiga ZXi,Maruti,2014,569999,45000,Petrol,Maruti Suzuki
112,Maruti Suzuki Esteem LXi BS III,Maruti,2007,69999,51000,Petrol,Maruti Suzuki
113,Maruti Suzuki Ritz VXI,Maruti,2014,299999,19000,Petrol,Maruti Suzuki
114,Maruti Suzuki Dzire,Maruti,2009,220000,46000,Petrol,Maruti Suzuki
115,Maruti Suzuki Ritz LDi,Maruti,2013,399999,33000,Diesel,Maruti Suzuki
116,Maruti Suzuki Swift VXi 1.2 BS IV,Maruti,2013,372000,13349,Petrol,Maruti Suzuki
117,Maruti Suzuki Dzire VDI,Maruti,2015,450000,104000,Diesel,Maruti Suzuki
118,Toyota Etios Liva G,Toyota,2014,270000,55000,Petrol,Toyota Etios
119,Hyundai i20 Sportz 1.4 CRDI,Hyundai,2011,350000,33333,Diesel,Hyundai i20
120,Chevrolet Spark,Chevrolet,2012,158400,33600,Petrol,Chevrolet Spark
121,Maruti Suzuki Alto K10 VXi AMT,Maruti,2017,350000,5600,Petrol,Maruti Suzuki
122,Nissan Micra XV,Nissan,2011,179000,41000,Petrol,Nissan Micra
123,Maruti Suzuki Swift,Maruti,2007,125000,70000,Petrol,Maruti Suzuki
124,Maruti Suzuki Alto 800,Maruti,2018,200000,7500,Petrol,Maruti Suzuki
125,Honda Amaze 1.5 S i DTEC,Honda,2013,299000,45000,Diesel,Honda Amaze
126,Maruti Suzuki Alto 800 Vxi,Maruti,2015,220000,38000,Petrol,Maruti Suzuki
127,Chevrolet Beat,Chevrolet,2015,150000,30000,Petrol,Chevrolet Beat
128,Toyota Corolla,Toyota,2009,275000,26000,Petrol,Toyota Corolla
129,Honda City 1.5 V MT,Honda,2010,285000,35000,Petrol,Honda City
130,Ford EcoSport Trend 1.5L TDCi,Ford,2016,830000,24330,Diesel,Ford EcoSport
131,Hyundai i20 Asta 1.2,Hyundai,2009,210000,65480,Petrol,Hyundai i20
132,Maruti Suzuki Swift Dzire VXi 1.2 BS IV,Maruti,2013,340000,41000,Petrol,Maruti Suzuki
133,Tata Indica V2 eLS,Tata,2006,90000,20000,Petrol,Tata Indica
134,Hindustan Motors Ambassador,Hindustan,2000,70000,200000,Diesel,Hindustan Motors
135,Toyota Corolla Altis 1.8 GL,Toyota,2010,289999,70000,Petrol,Toyota Corolla
136,Toyota Corolla Altis 1.8 J,Toyota,2012,349999,59000,Petrol,Toyota Corolla
137,Toyota Innova 2.5 GX BS IV 7 STR,Toyota,2012,849999,99000,Diesel,Toyota Innova
138,Volkswagen Jetta Highline TDI AT,Volkswagen,2014,749999,46000,Diesel,Volkswagen Jetta
139,Volkswagen Polo Comfortline 1.2L P,Volkswagen,2015,399999,2800,Petrol,Volkswagen Polo
140,Volkswagen Polo,Volkswagen,2014,274999,32000,Petrol,Volkswagen Polo
141,Mahindra Scorpio,Mahindra,2015,984999,22000,Diesel,Mahindra Scorpio
142,Renault Duster,Renault,2014,449999,50000,Diesel,Renault Duster
143,Honda Amaze,Honda,2015,344999,22000,Petrol,Honda Amaze
144,Nissan Sunny,Nissan,2012,224999,45000,Petrol,Nissan Sunny
145,Hyundai Elite i20,Hyundai,2018,599999,21000,Petrol,Hyundai Elite
146,Renault Kwid,Renault,2016,244999,11000,Petrol,Renault Kwid
147,Renault Duster,Renault,2013,399999,41000,Diesel,Renault Duster
148,Ford EcoSport,Ford,2017,489999,39000,Petrol,Ford EcoSport
149,Renault Duster,Renault,2014,474999,50000,Diesel,Renault Duster
150,Mahindra Scorpio VLX Airbag,Mahindra,2011,499999,66000,Diesel,Mahindra Scorpio
151,Maruti Suzuki Alto 800 Lxi,Maruti,2018,310000,3000,Petrol,Maruti Suzuki
152,Chevrolet Spark LT 1.0,Chevrolet,2010,85000,45000,Petrol,Chevrolet Spark
153,Datsun Redi GO T O,Datsun,2016,245000,7000,Petrol,Datsun Redi
154,Maruti Suzuki Swift RS VDI,Maruti,2010,189500,38500,Diesel,Maruti Suzuki
155,Fiat Punto Emotion 1.2,Fiat,2012,169500,37200,Diesel,Fiat Punto
156,Maruti Suzuki Swift RS VDI,Maruti,2010,159500,43200,Diesel,Maruti Suzuki
157,Toyota Etios GD,Toyota,2013,275000,24800,Petrol,Toyota Etios
158,Hyundai i20 Sportz 1.4 CRDI,Hyundai,2014,370000,60000,Diesel,Hyundai i20
159,Hyundai i10 Sportz 1.2,Hyundai,2010,168000,45872,Petrol,Hyundai i10
160,Chevrolet Beat LT Opt Diesel,Chevrolet,2011,150000,40000,Diesel,Chevrolet Beat
161,Chevrolet Beat LS Diesel,Chevrolet,2011,145000,45000,Diesel,Chevrolet Beat
162,Chevrolet Beat LT Diesel,Chevrolet,2012,98500,38000,Diesel,Chevrolet Beat
163,Mahindra Scorpio VLX 2WD BS IV,Mahindra,2014,699000,50000,Diesel,Mahindra Scorpio
164,Tata Indigo CS,Tata,2011,85000,11400,Diesel,Tata Indigo
165,Toyota Corolla Altis 1.8 J,Toyota,2015,575000,42000,Petrol,Toyota Corolla
166,Honda City 1.5 V MT,Honda,2014,549000,39000,Petrol,Honda City
167,Maruti Suzuki Swift VDi,Maruti,2011,209000,47000,Diesel,Maruti Suzuki
168,Hyundai Eon Era Plus,Hyundai,2013,185000,27000,Petrol,Hyundai Eon
169,Mahindra Scorpio S10,Mahindra,2015,900000,97200,Diesel,Mahindra Scorpio
170,Mahindra XUV500,Mahindra,2014,699999,52000,Diesel,Mahindra XUV500
171,Honda Brio,Honda,2012,224999,30000,Petrol,Honda Brio
172,Ford Fiesta,Ford,2011,274999,55000,Diesel,Ford Fiesta
173,Honda Amaze,Honda,2013,284999,46000,Diesel,Honda Amaze
174,Honda City,Honda,2015,599999,30000,Diesel,Honda City
175,Maruti Suzuki Wagon R,Maruti,2012,199999,44000,Petrol,Maruti Suzuki
176,Honda City,Honda,2014,544999,45000,Diesel,Honda City
177,Hyundai i20,Hyundai,2009,199000,31000,Petrol,Hyundai i20
178,Tata Indigo eCS LX TDI BS III,Tata,2016,320000,175430,Diesel,Tata Indigo
179,Hyundai Fluidic Verna 1.6 CRDi SX,Hyundai,2015,540000,38000,Diesel,Hyundai Fluidic
180,Mahindra Quanto C8,Mahindra,2013,340000,37000,Diesel,Mahindra Quanto
181,Fiat Petra ELX 1.2 PS,Fiat,2008,75000,65000,Petrol,Fiat Petra
182,Skoda Fabia 1.2L Diesel Ambiente,Skoda,2011,159500,38200,Diesel,Skoda Fabia
183,Mini Cooper S 1.6,Mini,2013,1891111,13000,Petrol,Mini Cooper
184,Hyundai Santro Xing XS,Hyundai,2005,49000,7500,Petrol,Hyundai Santro
185,Maruti Suzuki Ciaz VXi Plus,Maruti,2016,700000,3350,Petrol,Maruti Suzuki
186,Maruti Suzuki Zen VX,Maruti,2000,55000,60000,Petrol,Maruti Suzuki
187,Honda City,Honda,2015,448999,54000,Petrol,Honda City
188,Hyundai Creta 1.6 SX Plus Petrol,Hyundai,2017,895000,32000,Petrol,Hyundai Creta
189,Mahindra Scorpio SLX,Mahindra,2007,355000,75000,Diesel,Mahindra Scorpio
190,Mahindra Scorpio SLE BS IV,Mahindra,2012,565000,62000,Diesel,Mahindra Scorpio
191,Toyota Innova 2.5 G BS III 8 STR,Toyota,2006,365000,73000,Diesel,Toyota Innova
192,Maruti Suzuki Alto K10 VXi AMT,Maruti,2011,145000,41000,Petrol,Maruti Suzuki
193,Maruti Suzuki Wagon R LXI BS IV,Maruti,2011,210000,35000,Petrol,Maruti Suzuki
194,Tata Nano Cx BSIV,Tata,2013,40000,2200,Petrol,Tata Nano
195,Maruti Suzuki Alto Std BS IV,Maruti,2013,125000,39000,Petrol,Maruti Suzuki
196,Maruti Suzuki Wagon R LXi BS III,Maruti,2009,135000,45000,Petrol,Maruti Suzuki
197,Maruti Suzuki Swift VXI BSIII,Maruti,2006,135000,45000,Petrol,Maruti Suzuki
198,Tata Sumo Victa EX 10 by 7 Str BSIII,Tata,2012,285000,65000,Diesel,Tata Sumo
199,Maruti Suzuki Wagon R LXi BS III,Maruti,2010,145000,54870,Petrol,Maruti Suzuki
200,Maruti Suzuki Alto LXi BS III,Maruti,2010,135000,34580,Petrol,Maruti Suzuki
201,Volkswagen Passat Diesel Comfortline AT,Volkswagen,2009,450000,97000,Diesel,Volkswagen Passat
202,Renault Scala RxL Diesel Travelogue,Renault,2015,375000,25000,Diesel,Renault Scala
203,Mahindra Quanto C8,Mahindra,2013,375000,20000,Diesel,Mahindra Quanto
204,Hyundai Grand i10 Sportz O 1.2 Kappa VTVT,Hyundai,2014,365000,20000,Petrol,Hyundai Grand
205,Hyundai i20 Active 1.2 SX,Hyundai,2015,500000,18000,Petrol,Hyundai i20
206,Mahindra Xylo E4,Mahindra,2012,400000,35000,Diesel,Mahindra Xylo
207,Mahindra Jeep MM 550 XDB,Mahindra,2019,390000,60,Diesel,Mahindra Jeep
208,Renault Duster 110PS Diesel RxZ,Renault,2012,501000,35000,Diesel,Renault Duster
209,Mahindra Bolero SLE BS IV,Mahindra,2013,330000,80200,Diesel,Mahindra Bolero
210,Force Motors Force One LX ABS 7 STR,Force,2015,580000,3200,Diesel,Force Motors
211,Maruti Suzuki SX4,Maruti,2012,265000,46000,Diesel,Maruti Suzuki
212,Mahindra Jeep CL550 MDI,Mahindra,2019,379000,0,Diesel,Mahindra Jeep
213,Maruti Suzuki Alto 800,Maruti,2015,219000,5000,Petrol,Maruti Suzuki
214,Mahindra Jeep CL550 MDI,Mahindra,2018,385000,588,Diesel,Mahindra Jeep
215,Toyota Etios,Toyota,2011,275000,36000,Diesel,Toyota Etios
216,Volkswagen Polo,Volkswagen,2015,330000,38000,Diesel,Volkswagen Polo
217,Honda City ZX VTEC,Honda,2008,110000,45000,Petrol,Honda City
218,Maruti Suzuki Wagon R LX BS III,Maruti,2006,80000,71200,Petrol,Maruti Suzuki
219,Honda City VX O MT Diesel,Honda,2016,519000,52000,Diesel,Honda City
220,Mahindra Thar CRDe 4x4 AC,Mahindra,2016,730000,29000,Diesel,Mahindra Thar
221,Mitsubishi Pajero Sport Limited Edition,Mitsubishi,2015,1475000,47000,Diesel,Mitsubishi Pajero
222,Audi A4 1.8 TFSI Multitronic Premium Plus,Audi,2009,699000,47000,Petrol,Audi A4
223,Mercedes Benz GLA Class 200 CDI Sport,Mercedes,2015,2000000,20000,Diesel,Mercedes Benz
224,Land Rover Freelander 2 SE,Land,2015,2100000,30000,Diesel,Land Rover
225,Renault Kwid RXT,Renault,2017,340000,5000,Petrol,Renault Kwid
226,Tata Aria Pleasure 4X2,Tata,2014,390000,35000,Diesel,Tata Aria
227,Mercedes Benz B Class B180 Sports,Mercedes,2014,1400000,31000,Petrol,Mercedes Benz
228,Datsun GO T O,Datsun,2016,245000,7000,Petrol,Datsun GO
229,Tata Indigo eCS LX TDI BS III,Tata,2016,320000,175430,Diesel,Tata Indigo
230,Tata Indigo eCS LX TDI BS III,Tata,2016,320000,175400,Diesel,Tata Indigo
231,Honda Jazz VX MT,Honda,2016,450000,41000,Petrol,Honda Jazz
232,Honda Amaze 1.2 S i VTEC,Honda,2014,311000,33000,Petrol,Honda Amaze
233,Honda Amaze,Honda,2013,284999,46000,Diesel,Honda Amaze
234,Honda City,Honda,2012,399999,45000,Petrol,Honda City
235,Honda City,Honda,2015,599999,39000,Diesel,Honda City
236,Honda Amaze,Honda,2015,344999,22000,Petrol,Honda Amaze
237,Audi A4 1.8 TFSI Multitronic Premium Plus,Audi,2009,699000,47000,Petrol,Audi A4
238,Force Motors Force One LX ABS 7 STR,Force,2015,580000,3200,Diesel,Force Motors
239,Mahindra Scorpio S4,Mahindra,2015,855000,30000,Diesel,Mahindra Scorpio
240,Hyundai i20 Active 1.4L SX O,Hyundai,2015,535000,37000,Diesel,Hyundai i20
241,Mini Cooper S,Mini,2013,1891111,13000,Petrol,Mini Cooper
242,Maruti Suzuki Ciaz ZXI Plus,Maruti,2017,699000,14000,Petrol,Maruti Suzuki
243,Chevrolet Tavera Neo,Chevrolet,2013,375000,55000,Diesel,Chevrolet Tavera
244,Honda Amaze,Honda,2013,284999,46000,Diesel,Honda Amaze
245,Hyundai Eon Sportz,Hyundai,2012,178000,30000,Petrol,Hyundai Eon
246,Tata Sumo Gold Select Variant,Tata,2013,300000,50000,Diesel,Tata Sumo
247,Maruti Suzuki Wagon R 1.0,Maruti,2003,90000,45000,Petrol,Maruti Suzuki
248,Maruti Suzuki Esteem VXi BS III,Maruti,2006,95000,45000,Petrol,Maruti Suzuki
249,Maruti Suzuki Eeco 5 STR WITH AC HTR,Maruti,2015,255000,9300,Petrol,Maruti Suzuki
250,Chevrolet Enjoy 1.4 LS 8 STR,Chevrolet,2013,245000,55000,Diesel,Chevrolet Enjoy
251,Hyundai i20 Asta 1.4 CRDI 6 Speed,Hyundai,2012,329500,36200,Diesel,Hyundai i20
252,Ford Figo Diesel EXI,Ford,2014,195000,50000,Diesel,Ford Figo
253,Maruti Suzuki Eeco 5 STR WITH AC HTR,Maruti,2015,251111,55000,Petrol,Maruti Suzuki
254,Maruti Suzuki Ertiga ZXi,Maruti,2014,569999,45000,Petrol,Maruti Suzuki
255,Maruti Suzuki Esteem LXi BS III,Maruti,2007,69999,51000,Petrol,Maruti Suzuki
256,Maruti Suzuki Ritz VXI,Maruti,2014,299999,19000,Petrol,Maruti Suzuki
257,Maruti Suzuki Dzire,Maruti,2009,220000,46000,Petrol,Maruti Suzuki
258,Maruti Suzuki Ritz LDi,Maruti,2013,399999,33000,Diesel,Maruti Suzuki
259,Maruti Suzuki SX4 ZXI MT,Maruti,2010,249999,36000,Petrol,Maruti Suzuki
260,Maruti Suzuki Wagon R 1.0 VXi,Maruti,2015,289999,22000,Petrol,Maruti Suzuki
261,Mini Cooper S 1.6,Mini,2013,1891111,13500,Petrol,Mini Cooper
262,Nissan Terrano XL D Plus,Nissan,2015,499999,60000,Diesel,Nissan Terrano
263,Renault Duster 85 PS RxE Diesel,Renault,2013,489999,27000,Diesel,Renault Duster
264,Renault Duster 85 PS RxE Diesel,Renault,2014,489999,59000,Diesel,Renault Duster
265,Renault Duster 85 PS RxL Diesel,Renault,2015,549999,19000,Diesel,Renault Duster
266,Maruti Suzuki Dzire ZXI,Maruti,2013,380000,30000,Petrol,Maruti Suzuki
267,Renault Kwid RXT Opt,Renault,2018,325000,15000,Petrol,Renault Kwid
268,Maruti Suzuki Maruti 800 Std,Maruti,2003,57000,56758,Petrol,Maruti Suzuki
269,Renault Kwid 1.0 RXT AMT,Renault,2018,349999,10000,Petrol,Renault Kwid
270,Renault Lodgy 85 PS RXL,Renault,2018,689999,20000,Diesel,Renault Lodgy
271,Renault Scala RxL Diesel,Renault,2014,349999,49000,Diesel,Renault Scala
272,Hyundai Grand i10 Asta 1.2 Kappa VTVT O,Hyundai,2014,410000,41000,Petrol,Hyundai Grand
273,Maruti Suzuki Swift Dzire VXi 1.2 BS IV,Maruti,2011,225000,45000,Petrol,Maruti Suzuki
274,Chevrolet Beat LS Petrol,Chevrolet,2010,120000,43000,Petrol,Chevrolet Beat
275,Tata Indigo eCS LX TDI BS III,Tata,2016,320000,175430,Diesel,Tata Indigo
276,Hyundai Santro Xing XO eRLX Euro III,Hyundai,2000,59000,56450,Petrol,Hyundai Santro
277,Hyundai Fluidic Verna 1.6 CRDi SX,Hyundai,2015,540000,38000,Diesel,Hyundai Fluidic
278,Chevrolet Beat LS Petrol,Chevrolet,2010,80000,56000,Petrol,Chevrolet Beat
279,Mahindra Quanto C8,Mahindra,2013,340000,37000,Diesel,Mahindra Quanto
280,Fiat Petra ELX 1.2 PS,Fiat,2008,75000,65000,Petrol,Fiat Petra
281,Chevrolet Beat LS Petrol,Chevrolet,2015,220000,32700,Petrol,Chevrolet Beat
282,Skoda Fabia 1.2L Diesel Ambiente,Skoda,2011,159500,38200,Diesel,Skoda Fabia
283,Ford EcoSport Titanium 1.5L TDCi,Ford,2016,599000,30000,Diesel,Ford EcoSport
284,Hyundai Accent GLX,Hyundai,2006,80000,56000,Petrol,Hyundai Accent
285,Mahindra TUV300 T4 Plus,Mahindra,2016,675000,9000,Diesel,Mahindra TUV300
286,Mini Cooper S 1.6,Mini,2013,1891111,13000,Petrol,Mini Cooper
287,Mini Cooper S 1.6,Mini,2013,1891111,13000,Petrol,Mini Cooper
288,Tata Indica V2 Xeta e GLE,Tata,2008,150000,11000,Petrol,Tata Indica
289,Mini Cooper S,Mini,2013,1891111,13000,Petrol,Mini Cooper
290,Tata Indigo CS LS DiCOR,Tata,2009,72500,46000,Diesel,Tata Indigo
291,Maruti Suzuki Swift VXi 1.2 ABS BS IV,Maruti,2019,610000,73,Petrol,Maruti Suzuki
292,Mahindra Scorpio VLX Special Edition BS III,Mahindra,2004,230000,160000,Diesel,Mahindra Scorpio
293,Honda Accord,Honda,2009,175000,58559,Petrol,Honda Accord
294,Mahindra Scorpio S4,Mahindra,2015,855000,30000,Diesel,Mahindra Scorpio
295,Chevrolet Tavera Neo,Chevrolet,2013,375000,55000,Diesel,Chevrolet Tavera
296,Ford EcoSport Titanium 1.5 TDCi,Ford,2014,520000,57000,Diesel,Ford EcoSport
297,Maruti Suzuki Ertiga,Maruti,2015,524999,50000,Diesel,Maruti Suzuki
298,Honda Amaze,Honda,2014,299999,37000,Petrol,Honda Amaze
299,Maruti Suzuki Dzire,Maruti,2012,299999,40000,Petrol,Maruti Suzuki
300,Honda City,Honda,2011,284999,55000,Petrol,Honda City
301,Mahindra Scorpio 2.6 CRDe,Mahindra,2007,220000,170000,Diesel,Mahindra Scorpio
302,Maruti Suzuki Dzire,Maruti,2014,424999,55000,Diesel,Maruti Suzuki
303,Honda City,Honda,2015,644999,39000,Petrol,Honda City
304,Honda Mobilio,Honda,2014,399999,44000,Petrol,Honda Mobilio
305,Toyota Corolla Altis,Toyota,2009,199999,65000,Petrol,Toyota Corolla
306,Honda City,Honda,2014,584999,39000,Petrol,Honda City
307,Skoda Laura,Skoda,2012,349999,44000,Diesel,Skoda Laura
308,Renault Duster,Renault,2015,449999,49000,Diesel,Renault Duster
309,Maruti Suzuki Ertiga,Maruti,2018,799999,9000,Diesel,Maruti Suzuki
310,Maruti Suzuki Dzire,Maruti,2015,444999,45000,Diesel,Maruti Suzuki
311,Mahindra XUV500,Mahindra,2014,649999,47000,Diesel,Mahindra XUV500
312,Hyundai Verna Fluidic,Hyundai,2012,444999,40000,Diesel,Hyundai Verna
313,Maruti Suzuki Vitara Brezza,Maruti,2016,689999,29000,Diesel,Maruti Suzuki
314,Maruti Suzuki Wagon R,Maruti,2016,344999,15000,Petrol,Maruti Suzuki
315,Mahindra Scorpio,Mahindra,2015,944999,45000,Diesel,Mahindra Scorpio
316,Honda Amaze,Honda,2014,274999,35000,Petrol,Honda Amaze
317,Mahindra XUV500,Mahindra,2013,689999,80000,Diesel,Mahindra XUV500
318,Mahindra Scorpio,Mahindra,2013,574999,68000,Diesel,Mahindra Scorpio
319,Skoda Laura,Skoda,2013,374999,50000,Diesel,Skoda Laura
320,Volkswagen Polo,Volkswagen,2010,199999,60000,Diesel,Volkswagen Polo
321,Hyundai Elite i20,Hyundai,2016,549999,9000,Petrol,Hyundai Elite
322,Tata Manza Aura Quadrajet,Tata,2012,130000,72000,Diesel,Tata Manza
323,Chevrolet Sail UVA Petrol LT ABS,Chevrolet,2013,210000,60000,Petrol,Chevrolet Sail
324,Renault Duster 110 PS RxZ Diesel Plus,Renault,2012,501000,38000,Diesel,Renault Duster
325,Hyundai Verna Fluidic 1.6 VTVT SX,Hyundai,2013,401000,45000,Diesel,Hyundai Verna
326,Audi A4 2.0 TDI 177bhp Premium,Audi,2012,1350000,40000,Diesel,Audi A4
327,Hyundai Elantra SX,Hyundai,2013,600000,20000,Petrol,Hyundai Elantra
328,Mahindra Scorpio VLX 4WD Airbag,Mahindra,2013,610000,35000,Diesel,Mahindra Scorpio
329,Mahindra KUV100 K8 D 6 STR,Mahindra,2016,400000,20000,Diesel,Mahindra KUV100
330,Renault Scala RxL Diesel Travelogue,Renault,2015,375000,25000,Diesel,Renault Scala
331,Mahindra Quanto C8,Mahindra,2013,375000,20000,Diesel,Mahindra Quanto
332,Hyundai Grand i10 Sportz O 1.2 Kappa VTVT,Hyundai,2014,365000,20000,Petrol,Hyundai Grand
333,Hyundai i20 Active 1.2 SX,Hyundai,2015,500000,18000,Petrol,Hyundai i20
334,Mahindra Xylo E4,Mahindra,2012,400000,35000,Diesel,Mahindra Xylo
335,Hyundai Grand i10,Hyundai,2017,524999,6821,Petrol,Hyundai Grand
336,Hyundai i20,Hyundai,2014,449999,23000,Petrol,Hyundai i20
337,Hyundai Eon,Hyundai,2014,174999,14000,Petrol,Hyundai Eon
338,Hyundai i10,Hyundai,2012,244999,38000,Petrol,Hyundai i10
339,Hyundai i20 Active,Hyundai,2015,574999,35000,Diesel,Hyundai i20
340,Datsun Redi GO,Datsun,2017,244999,22000,Petrol,Datsun Redi
341,Toyota Etios Liva,Toyota,2011,239999,41000,Petrol,Toyota Etios
342,Hyundai Accent,Hyundai,2010,99999,45000,Petrol,Hyundai Accent
343,Hyundai Verna,Hyundai,2014,489999,44000,Diesel,Hyundai Verna
344,Maruti Suzuki Swift,Maruti,2013,324999,45000,Diesel,Maruti Suzuki
345,Toyota Fortuner,Toyota,2011,1074999,52000,Diesel,Toyota Fortuner
346,Hyundai i10 Sportz,Hyundai,2012,230000,34000,Petrol,Hyundai i10
347,Mahindra Bolero Power Plus SLE,Mahindra,2018,699000,1800,Diesel,Mahindra Bolero
348,Mahindra XUV500,Mahindra,2015,1000000,15000,Diesel,Mahindra XUV500
349,Honda City 1.5 V MT Exclusive,Honda,2010,240000,400000,Petrol,Honda City
350,Chevrolet Spark LT 1.0 Airbag,Chevrolet,2009,110000,44000,Petrol,Chevrolet Spark
351,Mahindra Jeep MM 550 XDB,Mahindra,2019,390000,60,Diesel,Mahindra Jeep
352,Renault Duster 110PS Diesel RxZ,Renault,2012,501000,35000,Diesel,Renault Duster
353,Mahindra XUV500,Mahindra,2016,1130000,72000,Diesel,Mahindra XUV500
354,Tata Indigo eCS VX CR4 BS IV,Tata,2014,250000,40000,Diesel,Tata Indigo
355,Mahindra Bolero SLE BS IV,Mahindra,2013,330000,80200,Diesel,Mahindra Bolero
356,Force Motors Force One LX ABS 7 STR,Force,2015,580000,3200,Diesel,Force Motors
357,Skoda Rapid Elegance 1.6 TDI CR MT,Skoda,2013,340000,48000,Diesel,Skoda Rapid
358,Tata Vista Quadrajet VX,Tata,2011,120000,90000,Diesel,Tata Vista
359,Maruti Suzuki Alto K10 VXi AT,Maruti,2015,265000,12000,Petrol,Maruti Suzuki
360,Maruti Suzuki SX4,Maruti,2012,265000,46000,Diesel,Maruti Suzuki
361,Maruti Suzuki Zen LXi BS III,Maruti,2003,85000,69900,Petrol,Maruti Suzuki
362,Mahindra Jeep CL550 MDI,Mahindra,2019,379000,0,Diesel,Mahindra Jeep
363,Hyundai i10 Magna 1.2,Hyundai,2011,175000,45000,Petrol,Hyundai i10
364,Maruti Suzuki Alto 800,Maruti,2015,219000,5000,Petrol,Maruti Suzuki
365,Maruti Suzuki Swift Dzire Tour LDi,Maruti,2016,350000,166000,Diesel,Maruti Suzuki
366,Honda City ZX EXi,Honda,2008,149000,42000,Petrol,Honda City
367,Mahindra Jeep CL550 MDI,Mahindra,2018,385000,588,Diesel,Mahindra Jeep
368,Mahindra Jeep MM 550 XDB,Mahindra,2006,425000,122,Diesel,Mahindra Jeep
369,Chevrolet Beat Diesel,Chevrolet,2017,150000,62000,Diesel,Chevrolet Beat
370,Honda City 1.5 S MT,Honda,2010,225000,70000,Petrol,Honda City
371,Hyundai Verna 1.4 VTVT,Hyundai,2014,375000,36000,Petrol,Hyundai Verna
372,Toyota Innova 2.5 E MS 7 STR BS IV,Toyota,2012,770000,0,Diesel,Toyota Innova
373,Maruti Suzuki Maruti 800 Std â€“ Befo,Maruti,1995,30000,55000,Petrol,Maruti Suzuki
374,Toyota Etios,Toyota,2011,275000,36000,Diesel,Toyota Etios
375,Volkswagen Polo,Volkswagen,2015,330000,38000,Diesel,Volkswagen Polo
376,Maruti Suzuki Swift,Maruti,2014,335000,55000,Diesel,Maruti Suzuki
377,Hyundai Elite i20 Asta 1.4 CRDI,Hyundai,2015,450000,20000,Diesel,Hyundai Elite
378,Maruti Suzuki Swift Dzire VXi 1.2 BS IV,Maruti,2012,225000,40000,Petrol,Maruti Suzuki
379,Maruti Suzuki Versa DX2 8 SEATER BSIII,Maruti,2004,80000,50000,Petrol,Maruti Suzuki
380,Tata Indigo LX TDI BS III,Tata,2016,130000,104000,Diesel,Tata Indigo
381,Volkswagen Vento Konekt Diesel Highline,Volkswagen,2011,245000,65000,Diesel,Volkswagen Vento
382,Mercedes Benz C Class 200 CDI Classic,Mercedes,2002,399000,41000,Petrol,Mercedes Benz
383,Maruti Suzuki Ertiga VDi,Maruti,2013,450000,90000,Diesel,Maruti Suzuki
384,Honda City,Honda,2000,65000,80000,Petrol,Honda City
385,Hyundai Santro Xing GLS,Hyundai,2006,75000,46000,Petrol,Hyundai Santro
386,Maruti Suzuki Omni Limited Edition,Maruti,2001,70000,70000,Petrol,Maruti Suzuki
387,Hyundai Sonata Transform 2.4 GDi MT,Hyundai,2017,190000,36469,Diesel,Hyundai Sonata
388,Hyundai Elite i20 Sportz 1.2,Hyundai,2018,600000,7800,Petrol,Hyundai Elite
389,Volkswagen Vento Konekt Diesel Highline,Volkswagen,2011,245000,65000,Diesel,Volkswagen Vento
390,Maruti Suzuki Alto 800 Lxi,Maruti,2017,240000,60000,Petrol,Maruti Suzuki
391,Maruti Suzuki Alto LXi BS III,Maruti,2011,155000,32000,Petrol,Maruti Suzuki
392,Honda Jazz S MT,Honda,2009,169999,24695,Petrol,Honda Jazz
393,Hyundai Grand i10 Sportz 1.2 Kappa VTVT,Hyundai,2017,450000,15141,Petrol,Hyundai Grand
394,Maruti Suzuki Zen LXi BSII,Maruti,2001,40000,40000,Petrol,Maruti Suzuki
395,Mahindra Scorpio W Turbo 2.6DX 9 Seater,Mahindra,2012,165000,65000,Diesel,Mahindra Scorpio
396,Maruti Suzuki Alto K10 VXi,Maruti,2014,270000,22000,Petrol,Maruti Suzuki
397,Hyundai Grand i10 Asta 1.2 Kappa VTVT,Hyundai,2016,280000,59910,Diesel,Hyundai Grand
398,Mahindra XUV500 W8,Mahindra,2012,560000,100000,Diesel,Mahindra XUV500
399,Hyundai Creta 1.6 SX Plus Petrol,Hyundai,2016,950000,25000,Petrol,Hyundai Creta
400,Hyundai i20 Magna O 1.2,Hyundai,2013,310000,35000,Petrol,Hyundai i20
401,Renault Duster 85 PS RxL Explore LE,Renault,2015,715000,65000,Diesel,Renault Duster
402,Hyundai Grand i10 Sportz 1.2 Kappa VTVT,Hyundai,2014,340000,35000,Petrol,Hyundai Grand
403,Honda Brio V MT,Honda,2012,235000,33000,Petrol,Honda Brio
404,Mahindra TUV300 T4 Plus,Mahindra,2017,610000,68000,Diesel,Mahindra TUV300
405,Chevrolet Spark LS 1.0,Chevrolet,2010,95000,23000,Petrol,Chevrolet Spark
406,Mahindra TUV300 T8,Mahindra,2018,1000000,4500,Diesel,Mahindra TUV300
407,Maruti Suzuki Swift Dzire Tour LDi,Maruti,2015,220000,129000,Diesel,Maruti Suzuki
408,Nissan X Trail Select Variant,Nissan,2019,1200000,300,Diesel,Nissan X
409,Maruti Suzuki Alto 800 Vxi,Maruti,2015,230000,5000,Petrol,Maruti Suzuki
410,Ford Ikon 1.3 CLXi NXt Finesse,Ford,2001,45000,65000,Petrol,Ford Ikon
411,Toyota Fortuner 3.0 4x4 MT,Toyota,2010,940000,131000,Diesel,Toyota Fortuner
412,Tata Manza ELAN Quadrajet,Tata,2010,155555,111111,Petrol,Tata Manza
413,Mercedes Benz A Class A 180 Sport Petrol,Mercedes,2013,1500000,14000,Petrol,Mercedes Benz
414,Chevrolet Beat LS Diesel,Chevrolet,2016,210000,22000,Diesel,Chevrolet Beat
415,Ford EcoSport Trend 1.5L TDCi,Ford,2013,495000,38000,Diesel,Ford EcoSport
416,Tata Indigo LS,Tata,2016,125000,70000,Diesel,Tata Indigo
417,Hyundai i20 Magna 1.2,Hyundai,2010,195000,36000,Petrol,Hyundai i20
418,Volkswagen Vento Highline Plus 1.5 Diesel AT,Volkswagen,2015,550000,34000,Diesel,Volkswagen Vento
419,Renault Kwid RXT,Renault,2015,270000,43000,Petrol,Renault Kwid
420,Ford EcoSport Titanium 1.5L TDCi,Ford,2014,500000,40000,Diesel,Ford EcoSport
421,Honda Amaze 1.5 E i DTEC,Honda,2016,240000,160000,Diesel,Honda Amaze
422,Hyundai Verna 1.6 EX VTVT,Hyundai,2017,800000,12000,Petrol,Hyundai Verna
423,BMW 5 Series 520d Sedan,BMW,2011,1299000,49000,Diesel,BMW 5
424,Skoda Superb 1.8 TFSI AT,Skoda,2011,530000,68000,Petrol,Skoda Superb
425,Audi Q3 2.0 TDI quattro Premium,Audi,2013,1499000,37000,Diesel,Audi Q3
426,Mahindra Bolero DI BSII,Mahindra,2012,220000,59466,Diesel,Mahindra Bolero
427,Mahindra Scorpio S10,Mahindra,2015,900000,97200,Diesel,Mahindra Scorpio
428,Ford Figo Duratorq Diesel Titanium 1.4,Ford,2012,250000,99000,Diesel,Ford Figo
429,Maruti Suzuki Wagon R VXI BS IV,Maruti,2018,395000,25500,Petrol,Maruti Suzuki
430,Mahindra Logan Diesel 1.5 DLS,Mahindra,2009,130000,66000,Petrol,Mahindra Logan
431,Tata Nano GenX XMA,Tata,2010,32000,44005,Petrol,Tata Nano
432,Mahindra TUV300 T4 Plus,Mahindra,2016,540000,35000,Diesel,Mahindra TUV300
433,Mahindra TUV300 T4 Plus,Mahindra,2016,540000,35000,Diesel,Mahindra TUV300
434,Hyundai Elite i20 Magna 1.2,Hyundai,2015,405000,28000,Petrol,Hyundai Elite
435,Hyundai Elite i20 Magna 1.2,Hyundai,2015,400000,30000,Petrol,Hyundai Elite
436,Honda City SV,Honda,2017,760000,4000,Petrol,Honda City
437,Maruti Suzuki Baleno Delta 1.2,Maruti,2016,500000,28000,Petrol,Maruti Suzuki
438,Ford Figo Petrol LXI,Ford,2011,175000,75000,Petrol,Ford Figo
439,Mahindra Scorpio S10,Mahindra,2015,900000,97200,Diesel,Mahindra Scorpio
440,Honda City,Honda,2017,750000,3000,Petrol,Honda City
441,Hyundai Elite i20 Magna 1.2,Hyundai,2015,419000,20000,Petrol,Hyundai Elite
442,Maruti Suzuki Versa DX2 8 SEATER BSIII,Maruti,2004,90000,50000,Petrol,Maruti Suzuki
443,Hyundai Eon Era Plus,Hyundai,2018,140000,2110,Petrol,Hyundai Eon
444,Mitsubishi Pajero Sport Limited Edition,Mitsubishi,2015,1540000,43222,Petrol,Mitsubishi Pajero
445,Hyundai i10 Magna 1.2 Kappa2,Hyundai,2008,275000,100200,Petrol,Hyundai i10
446,Toyota Corolla H2,Toyota,2003,150000,100000,Petrol,Toyota Corolla
447,Maruti Suzuki Swift Dzire Tour VXi,Maruti,2011,230000,65,Petrol,Maruti Suzuki
448,Tata Indigo CS eLS BS IV,Tata,2015,123000,100000,Diesel,Tata Indigo
449,Mahindra Scorpio S10,Mahindra,2015,900000,97200,Diesel,Mahindra Scorpio
450,Mahindra Scorpio S10,Mahindra,2015,900000,97200,Diesel,Mahindra Scorpio
451,Hyundai Xcent Base 1.1 CRDi,Hyundai,2016,300000,140000,Diesel,Hyundai Xcent
452,Honda City,Honda,2015,499999,55000,Petrol,Honda City
453,Hyundai Accent Executive Edition,Hyundai,2009,165000,48000,Petrol,Hyundai Accent
454,Maruti Suzuki Baleno Delta 1.2,Maruti,2016,498000,22000,Petrol,Maruti Suzuki
455,Tata Zest XE 75 PS Diesel,Tata,2018,480000,103553,Diesel,Tata Zest
456,Maruti Suzuki Dzire LDI,Maruti,2017,488000,80000,Diesel,Maruti Suzuki
457,Tata Sumo Gold LX BS IV,Tata,2014,250000,99000,Diesel,Tata Sumo
458,Toyota Corolla Altis GL Petrol,Toyota,2010,220000,58000,Petrol,Toyota Corolla
459,Maruti Suzuki Eeco 7 STR,Maruti,2013,290000,70000,LPG,Maruti Suzuki
460,Toyota Fortuner 3.0 4x2 MT,Toyota,2015,1525000,120000,Diesel,Toyota Fortuner
461,Mahindra XUV500 W6,Mahindra,2013,548900,49800,Diesel,Mahindra XUV500
462,Tata Tigor Revotron XZ,Tata,2019,650000,100,Diesel,Tata Tigor
463,Maruti Suzuki 800,Maruti,2001,55000,81876,Petrol,Maruti Suzuki
464,Maruti Suzuki Ertiga Vxi,Maruti,2015,550000,75000,Petrol,Maruti Suzuki
465,Maruti Suzuki Versa DX2 8 SEATER BSIII,Maruti,2004,90000,50000,Petrol,Maruti Suzuki
466,Honda Mobilio S i DTEC,Honda,2014,399000,44000,Diesel,Honda Mobilio
467,Maruti Suzuki Ertiga,Maruti,2016,730000,55000,Diesel,Maruti Suzuki
468,Maruti Suzuki Vitara Brezza,Maruti,2017,725000,36000,Diesel,Maruti Suzuki
469,Hyundai Verna 1.6 CRDI E,Hyundai,2016,195000,56000,Diesel,Hyundai Verna
470,Maruti Suzuki Swift VXI BSIII,Maruti,2007,130000,62000,Petrol,Maruti Suzuki
471,Toyota Fortuner 3.0 4x2 MT,Toyota,2015,1525000,120000,Diesel,Toyota Fortuner
472,Maruti Suzuki Omni Select Variant,Maruti,2014,190000,6020,Petrol,Maruti Suzuki
473,Honda Amaze,Honda,2013,250000,55700,Diesel,Honda Amaze
474,Tata Indica,Tata,2005,80000,42000,Petrol,Tata Indica
475,Hyundai Santro Xing,Hyundai,2003,120000,50000,Petrol,Hyundai Santro
476,Maruti Suzuki Zen Estilo,Maruti,2010,149000,35000,Petrol,Maruti Suzuki
477,Maruti Suzuki Wagon R LXI BS IV,Maruti,2014,250000,18500,Petrol,Maruti Suzuki
478,Maruti Suzuki Wagon R,Maruti,2007,120000,7000,Petrol,Maruti Suzuki
479,Honda Brio VX AT,Honda,2017,450000,11000,Petrol,Honda Brio
480,Maruti Suzuki Zen LXi BSII,Maruti,2003,99999,53000,Petrol,Maruti Suzuki
481,Maruti Suzuki Zen Estilo LXI Green CNG,Maruti,2008,135000,23000,Petrol,Maruti Suzuki
482,Maruti Suzuki Wagon R Select Variant,Maruti,2016,225000,35500,Diesel,Maruti Suzuki
483,Maruti Suzuki Alto LXi BS III,Maruti,2010,99000,22134,Petrol,Maruti Suzuki
484,Renault Kwid RXT,Renault,2019,370000,1000,Petrol,Renault Kwid
485,Tata Nano Lx BSIV,Tata,2010,52000,9000,Petrol,Tata Nano
486,Jaguar XE XE Portfolio,Jaguar,2016,2800000,8500,Petrol,Jaguar XE
487,Hyundai Eon Magna Plus,Hyundai,2014,190000,35000,Petrol,Hyundai Eon
488,Honda City 1.5 S MT,Honda,2014,499000,22000,Petrol,Honda City
489,Hindustan Motors Ambassador,Hindustan,2002,90000,25000,Diesel,Hindustan Motors
490,Maruti Suzuki Ritz GENUS VXI,Maruti,2010,149000,40000,Petrol,Maruti Suzuki
491,Hyundai Grand i10 Magna AT 1.2 Kappa VTVT,Hyundai,2017,400000,20000,Petrol,Hyundai Grand
492,Hyundai Eon D Lite Plus,Hyundai,2016,120000,87000,Petrol,Hyundai Eon
493,Maruti Suzuki Swift Dzire VXi 1.2 BS IV,Maruti,2015,250000,55000,Petrol,Maruti Suzuki
494,Maruti Suzuki Wagon R VXI BS IV,Maruti,2017,375000,23000,Petrol,Maruti Suzuki
495,Honda Amaze 1.2 VX i VTEC,Honda,2014,381000,6000,Petrol,Honda Amaze
496,Maruti Suzuki Estilo VXi ABS BS IV,Maruti,2013,180000,65000,Petrol,Maruti Suzuki
497,Maruti Suzuki Vitara Brezza LDi O,Maruti,2016,580000,25000,Diesel,Maruti Suzuki
498,Maruti Suzuki Eeco 5 STR WITH AC HTR,Maruti,2015,278000,39000,Petrol,Maruti Suzuki
499,Hyundai Creta 1.6 SX Plus Petrol AT,Hyundai,2016,1000000,8000,Petrol,Hyundai Creta
500,Mahindra Scorpio Vlx BSIV,Mahindra,2013,690000,75000,Diesel,Mahindra Scorpio
501,Maruti Suzuki Ertiga VDi,Maruti,2012,480000,51000,Diesel,Maruti Suzuki
502,Mitsubishi Lancer 1.8 LXi,Mitsubishi,2006,85000,50000,Petrol,Mitsubishi Lancer
503,Maruti Suzuki Maruti 800 AC,Maruti,2001,40000,75000,Petrol,Maruti Suzuki
504,Maruti Suzuki Alto 800 LXI CNG O,Maruti,2015,90000,55800,Petrol,Maruti Suzuki
505,Hyundai Grand i10 Magna 1.2 Kappa VTVT,Hyundai,2015,340000,53000,Petrol,Hyundai Grand
506,Hyundai Eon D Lite Plus,Hyundai,2018,260000,25000,Petrol,Hyundai Eon
507,Ford Fiesta SXi 1.6 ABS,Ford,2009,250000,56400,Petrol,Ford Fiesta
508,Maruti Suzuki Ritz VDi,Maruti,2010,180000,72160,Diesel,Maruti Suzuki
509,Hyundai Verna Fluidic New,Hyundai,2012,350000,10000,Diesel,Hyundai Verna
510,Maruti Suzuki Wagon R LXi BS III,Maruti,2006,90001,48000,Petrol,Maruti Suzuki
511,Maruti Suzuki Estilo LX BS IV,Maruti,2007,115000,36000,Petrol,Maruti Suzuki
512,Audi A6 2.0 TDI Premium,Audi,2012,1599000,11500,Diesel,Audi A6
513,Maruti Suzuki Wagon R LXi BS III,Maruti,2003,130000,133000,Petrol,Maruti Suzuki
514,Maruti Suzuki Wagon R,Maruti,2009,159000,27000,Petrol,Maruti Suzuki
515,Maruti Suzuki Wagon R,Maruti,2009,160000,35000,Petrol,Maruti Suzuki
516,Maruti Suzuki Alto,Maruti,2010,110000,55000,Petrol,Maruti Suzuki
517,Maruti Suzuki Baleno Sigma 1.2,Maruti,2016,425000,40000,Petrol,Maruti Suzuki
518,Hyundai Verna 1.6 SX VTVT AT,Hyundai,2019,900000,2000,Petrol,Hyundai Verna
519,Maruti Suzuki Swift GLAM,Maruti,2009,150000,45000,Petrol,Maruti Suzuki
520,Hyundai Getz Prime 1.3 GVS,Hyundai,2009,110000,20000,Petrol,Hyundai Getz
521,Hyundai Santro,Hyundai,2000,51999,88000,Petrol,Hyundai Santro
522,Hyundai Getz Prime 1.3 GLX,Hyundai,2009,115000,20000,Petrol,Hyundai Getz
523,Chevrolet Beat PS Diesel,Chevrolet,2012,215000,65422,Diesel,Chevrolet Beat
524,Ford EcoSport Trend 1.5 Ti VCT,Ford,2017,580000,10000,Petrol,Ford EcoSport
525,Maruti Suzuki Dzire ZXI,Maruti,2013,380000,35000,Petrol,Maruti Suzuki
526,Hyundai Fluidic Verna 1.6 CRDi SX,Hyundai,2013,350000,117000,Diesel,Hyundai Fluidic
527,Tata Indica V2 DLG,Tata,2005,35000,150000,Diesel,Tata Indica
528,BMW X1 xDrive20d xLine,BMW,2011,1150000,72000,Diesel,BMW X1
529,Hyundai i20 Asta 1.2,Hyundai,2010,300000,10750,Petrol,Hyundai i20
530,Honda City 1.5 V AT,Honda,2009,269000,55000,Petrol,Honda City
531,Tata Nano,Tata,2013,60000,6800,Petrol,Tata Nano
532,Chevrolet Cruze LTZ AT,Chevrolet,2014,400000,41000,Diesel,Chevrolet Cruze
533,Hyundai Verna Fluidic New,Hyundai,2015,430000,73000,Diesel,Hyundai Verna
534,Maruti Suzuki Swift Dzire VDi,Maruti,2011,140000,65000,Diesel,Maruti Suzuki
535,Mahindra XUV500 W10,Mahindra,2018,1299000,40000,Diesel,Mahindra XUV500
536,Maruti Suzuki Alto K10 LXi CNG,Maruti,2014,199000,37000,Petrol,Maruti Suzuki
537,Hyundai Accent GLE,Hyundai,2006,90000,55000,Petrol,Hyundai Accent
538,Force Motors One SUV,Force,2013,550000,140000,Diesel,Force Motors
539,Maruti Suzuki Alto,Maruti,2019,265000,9800,Petrol,Maruti Suzuki
540,Chevrolet Spark 1.0 LT,Chevrolet,2011,100000,27000,Petrol,Chevrolet Spark
541,Hyundai i10,Hyundai,2009,215000,27000,Petrol,Hyundai i10
542,Toyota Etios Liva GD,Toyota,2012,380000,20000,Diesel,Toyota Etios
543,Renault Duster 85PS Diesel RxL Optional with Nav,Renault,2013,401919,57923,Diesel,Renault Duster
544,Chevrolet Enjoy,Chevrolet,2014,490000,30201,Diesel,Chevrolet Enjoy
545,Maruti Suzuki Alto 800 Lxi,Maruti,2017,280000,6200,Petrol,Maruti Suzuki
546,BMW 5 Series 530i,BMW,2009,650000,37518,Petrol,BMW 5
547,Toyota Etios Liva G,Toyota,2014,160000,24652,Petrol,Toyota Etios
548,Mahindra Jeep MM 550 XDB,Mahindra,2004,424000,383,Diesel,Mahindra Jeep
549,Chevrolet Beat LS Diesel,Chevrolet,2016,225000,95000,Diesel,Chevrolet Beat
550,Chevrolet Cruze LTZ,Chevrolet,2011,350000,35000,Diesel,Chevrolet Cruze
551,Jeep Wrangler Unlimited 4x4 Diesel,Jeep,2015,950000,3528,Diesel,Jeep Wrangler
552,Maruti Suzuki Ertiga VDi,Maruti,2013,485000,52500,Diesel,Maruti Suzuki
553,Hyundai Verna VGT CRDi SX ABS,Hyundai,2010,205000,47900,Diesel,Hyundai Verna
554,Maruti Suzuki Omni,Maruti,2012,160000,14000,Petrol,Maruti Suzuki
555,Maruti Suzuki Celerio VDi,Maruti,2018,310000,37000,Petrol,Maruti Suzuki
556,Tata Zest Quadrajet 1.3,Tata,2017,180000,90000,Diesel,Tata Zest
557,Mahindra XUV500 W6,Mahindra,2013,549900,52800,Diesel,Mahindra XUV500
558,Tata Indigo CS eLX BS IV,Tata,2016,150000,104000,Diesel,Tata Indigo
559,Hyundai i10 Era,Hyundai,2011,175000,30000,Petrol,Hyundai i10
560,Tata Indigo eCS LX TDI BS III,Tata,2014,95000,195000,Diesel,Tata Indigo
561,Tata Indigo LX TDI BS III,Tata,2016,230000,104000,Diesel,Tata Indigo
562,Tata Indigo eCS LX CR4 BS IV,Tata,2016,230000,104000,Diesel,Tata Indigo
563,Tata Indigo Marina LS,Tata,2004,180000,70000,Diesel,Tata Indigo
564,Hyundai Xcent SX 1.2,Hyundai,2015,400000,43000,Diesel,Hyundai Xcent
565,Hyundai Eon Magna Plus,Hyundai,2013,185000,23000,Petrol,Hyundai Eon
566,Renault Duster 85 PS RxL Diesel,Renault,2015,385000,51000,Diesel,Renault Duster
567,Maruti Suzuki Alto K10 LXi CNG,Maruti,2009,90000,62000,Petrol,Maruti Suzuki
568,Tata Nano LX Special Edition,Tata,2010,32000,48008,Petrol,Tata Nano
569,Renault Duster 110 PS RxZ Diesel,Renault,2013,435000,39000,Diesel,Renault Duster
570,Maruti Suzuki Wagon R AX BSIV,Maruti,2010,225000,40000,Petrol,Maruti Suzuki
571,Maruti Suzuki Swift,Maruti,2006,189700,48247,Petrol,Maruti Suzuki
572,Maruti Suzuki Ertiga,Maruti,2012,389700,39000,Diesel,Maruti Suzuki
573,Maruti Suzuki Swift VXi 1.2 ABS BS IV,Maruti,2014,365000,23000,Petrol,Maruti Suzuki
574,Maruti Suzuki Alto K10 New,Maruti,2017,360000,9400,Petrol,Maruti Suzuki
575,Hyundai i20 Magna,Hyundai,2010,210000,50000,Petrol,Hyundai i20
576,Hyundai i10 Magna 1.2,Hyundai,2009,170000,75000,Petrol,Hyundai i10
577,Tata Zest XE 75 PS Diesel,Tata,2017,380000,70000,Diesel,Tata Zest
578,Mahindra Xylo E8,Mahindra,2009,295000,64000,Diesel,Mahindra Xylo
579,Toyota Corolla Altis GL Petrol,Toyota,2010,185000,55000,Petrol,Toyota Corolla
580,Tata Manza Aqua Quadrajet,Tata,2014,160000,200000,Diesel,Tata Manza
581,Renault Kwid 1.0,Renault,2018,290000,2137,Petrol,Renault Kwid
582,Tata Venture EX 8 STR,Tata,2013,100000,30000,Diesel,Tata Venture
583,Maruti Suzuki Swift Dzire Tour LXi,Maruti,2014,315000,44000,Petrol,Maruti Suzuki
584,Skoda Octavia Classic 1.9 TDI MT,Skoda,2006,114990,65000,Diesel,Skoda Octavia
585,Maruti Suzuki Omni LPG BS IV,Maruti,2012,120000,160000,LPG,Maruti Suzuki
586,Chevrolet Beat Diesel,Chevrolet,2011,125000,56000,Diesel,Chevrolet Beat
587,Tata Sumo Gold EX BS IV,Tata,2012,210000,75000,Diesel,Tata Sumo
588,Hyundai Verna 1.6 CRDI SX,Hyundai,2018,855000,42000,Diesel,Hyundai Verna
589,Tata Sumo Gold EX BS IV,Tata,2012,210000,75000,Diesel,Tata Sumo
590,Mahindra Scorpio 2.6 CRDe,Mahindra,2007,260000,56000,Diesel,Mahindra Scorpio
591,Maruti Suzuki Zen LXi BS III,Maruti,2002,95000,10544,Petrol,Maruti Suzuki
592,Maruti Suzuki Swift Dzire VXi 1.2 BS IV,Maruti,2011,255000,64000,Petrol,Maruti Suzuki
593,Mahindra Scorpio SLX 2.6 Turbo 8 Str,Mahindra,2008,300000,70000,Diesel,Mahindra Scorpio
594,Hyundai Grand i10 Sportz 1.2 Kappa VTVT,Hyundai,2014,340000,25000,Petrol,Hyundai Grand
595,Hyundai Elite i20 Sportz 1.2,Hyundai,2017,550000,15000,Petrol,Hyundai Elite
596,Ford Ikon 1.6 Nxt,Ford,2003,60000,50000,Petrol,Ford Ikon
597,Toyota Innova 2.5 V 7 STR,Toyota,2011,750000,147000,Diesel,Toyota Innova
598,Nissan Sunny XL,Nissan,2011,230000,52000,Petrol,Nissan Sunny
599,Chevrolet Beat LT Diesel,Chevrolet,2012,130000,90001,Diesel,Chevrolet Beat
600,Maruti Suzuki Alto 800 Lxi,Maruti,2017,270000,21000,Petrol,Maruti Suzuki
601,Maruti Suzuki Swift VDi BS IV,Maruti,2012,280000,48006,Diesel,Maruti Suzuki
602,Maruti Suzuki Swift VDi BS IV,Maruti,2012,280000,48006,Diesel,Maruti Suzuki
603,Maruti Suzuki Swift,Maruti,2012,280000,48006,Diesel,Maruti Suzuki
604,Toyota Innova 2.0 G4,Toyota,2012,600000,80000,Diesel,Toyota Innova
605,Maruti Suzuki Swift VDi ABS,Maruti,2010,190000,74000,Diesel,Maruti Suzuki
606,Hyundai Elite i20 Asta 1.2,Hyundai,2015,500000,22000,Petrol,Hyundai Elite
607,Mahindra XUV500 W10,Mahindra,2016,1065000,41000,Diesel,Mahindra XUV500
608,Volkswagen Polo Trendline 1.5L D,Volkswagen,2015,350000,25000,Diesel,Volkswagen Polo
609,Toyota Etios Liva Diesel,Toyota,2012,350000,85000,Diesel,Toyota Etios
610,Mahindra TUV300 T4 Plus,Mahindra,2016,540000,29500,Diesel,Mahindra TUV300
611,Hyundai Elite i20 Asta 1.2,Hyundai,2015,470000,30000,Petrol,Hyundai Elite
612,Hyundai Santro Xing GLS,Hyundai,2014,179000,57000,Petrol,Hyundai Santro
613,Maruti Suzuki Zen LXi BS III,Maruti,2003,48000,60000,Petrol,Maruti Suzuki
614,Maruti Suzuki Ciaz ZXi Plus RS,Maruti,2016,650000,50000,Petrol,Maruti Suzuki
615,Hyundai Eon Era Plus,Hyundai,2013,190000,39700,Petrol,Hyundai Eon
616,Hyundai Elantra 1.8 S,Hyundai,2012,500000,65000,Petrol,Hyundai Elantra
617,Maruti Suzuki Swift VDi,Maruti,2010,270000,67000,Diesel,Maruti Suzuki
618,Maruti Suzuki Zen Estilo LXI Green CNG,Maruti,2008,125000,46000,Petrol,Maruti Suzuki
619,Hyundai Eon Era Plus,Hyundai,2012,188000,38000,Petrol,Hyundai Eon
620,Hyundai Grand i10 Magna 1.2 Kappa VTVT,Hyundai,2016,380000,27000,Petrol,Hyundai Grand
621,Hyundai Verna Fluidic New,Hyundai,2011,365000,43000,Diesel,Hyundai Verna
622,Ford EcoSport Trend 1.5L Ti VCT,Ford,2014,465000,47000,Petrol,Ford EcoSport
623,Hyundai i20 Magna,Hyundai,2011,240000,42000,Petrol,Hyundai i20
624,Chevrolet Beat Diesel,Chevrolet,2016,179999,19336,Diesel,Chevrolet Beat
625,Tata Indica eV2 LS,Tata,2015,140000,60105,Diesel,Tata Indica
626,Jaguar XF 2.2 Diesel Luxury,Jaguar,2013,2190000,29000,Diesel,Jaguar XF
627,Audi Q5 2.0 TDI quattro Premium Plus,Audi,2014,2390000,34000,Diesel,Audi Q5
628,BMW 3 Series 320d Sedan,BMW,2011,1075000,35000,Diesel,BMW 3
629,Maruti Suzuki Swift ZXi 1.2 BS IV,Maruti,2015,475000,22000,Petrol,Maruti Suzuki
630,BMW X1 sDrive20d,BMW,2012,1025000,41000,Diesel,BMW X1
631,Maruti Suzuki S Cross Sigma 1.3,Maruti,2016,615000,21000,Diesel,Maruti Suzuki
632,Maruti Suzuki Ertiga LDi,Maruti,2013,475000,48000,Diesel,Maruti Suzuki
633,Maruti Suzuki Alto K10 VXi AMT,Maruti,2016,270000,38000,Petrol,Maruti Suzuki
634,Honda City SV,Honda,2014,475000,34000,Diesel,Honda City
635,Volkswagen Vento Comfortline Petrol,Volkswagen,2011,240000,45933,Petrol,Volkswagen Vento
636,Honda City 1.5 EXi New,Honda,2005,120000,68000,Petrol,Honda City
637,Audi A4 2.0 TDI 177bhp Premium,Audi,2016,1900000,44000,Diesel,Audi A4
638,Mahindra KUV100,Mahindra,2017,360000,35000,Diesel,Mahindra KUV100
639,Tata Zest XE 75 PS Diesel,Tata,2018,450000,102563,Diesel,Tata Zest
640,Mahindra XUV500 W8,Mahindra,2015,900000,28600,Diesel,Mahindra XUV500
641,Maruti Suzuki Swift Dzire Tour VDi,Maruti,2017,650000,41800,Diesel,Maruti Suzuki
642,Tata Sumo Gold LX BS IV,Tata,2014,275000,116000,Diesel,Tata Sumo
643,Maruti Suzuki Swift Dzire VXi 1.2 BS IV,Maruti,2009,210000,59000,Petrol,Maruti Suzuki
644,Mahindra Scorpio 2.6 SLX,Mahindra,2004,175000,58000,Diesel,Mahindra Scorpio
645,Maruti Suzuki Omni 8 STR BS III,Maruti,2009,85000,45000,Petrol,Maruti Suzuki
646,Mitsubishi Pajero Sport Limited Edition,Mitsubishi,2015,1490000,42590,Diesel,Mitsubishi Pajero
647,Renault Duster,Renault,2014,800000,7400,Diesel,Renault Duster
648,Volkswagen Jetta Comfortline 1.9 TDI AT,Volkswagen,2009,450000,54500,Diesel,Volkswagen Jetta
649,Maruti Suzuki Ertiga Vxi,Maruti,2012,1000000,200000,Diesel,Maruti Suzuki
650,Audi A4 2.0 TDI 177bhp Premium,Audi,2013,1510000,27000,Diesel,Audi A4
651,Volvo S80 Summum D4,Volvo,2015,1850000,42000,Diesel,Volvo S80
652,Toyota Corolla Altis VL AT Petrol,Toyota,2014,790000,29000,Petrol,Toyota Corolla
653,Mitsubishi Pajero Sport 2.5 AT,Mitsubishi,2015,1725000,37000,Diesel,Mitsubishi Pajero
654,Chevrolet Beat LT Petrol,Chevrolet,2012,135000,36000,Petrol,Chevrolet Beat
655,BMW X1,BMW,2011,1000000,34000,Diesel,BMW X1
656,Datsun Redi GO S,Datsun,2018,299999,7000,Petrol,Datsun Redi
657,Mercedes Benz C Class C 220 CDI Avantgarde,Mercedes,2009,1225000,76000,Diesel,Mercedes Benz
658,Mahindra Scorpio SLX,Mahindra,2004,175000,60000,Diesel,Mahindra Scorpio
659,Volkswagen Vento Comfortline Diesel,Volkswagen,2011,200000,95000,Diesel,Volkswagen Vento
660,Tata Indigo CS GLS,Tata,2017,270000,50000,Diesel,Tata Indigo
661,Ford Figo Petrol Titanium,Ford,2019,525000,0,Petrol,Ford Figo
662,Honda City ZX GXi,Honda,2006,180000,50000,Petrol,Honda City
663,Maruti Suzuki Wagon R Duo Lxi,Maruti,2008,140000,68000,Petrol,Maruti Suzuki
664,Ford EcoSport Trend 1.5L TDCi,Ford,2014,400000,16000,Petrol,Ford EcoSport
665,Maruti Suzuki Swift Dzire VDi,Maruti,2016,499000,51000,Diesel,Maruti Suzuki
666,Maruti Suzuki Omni 8 STR BS III,Maruti,2009,85000,56000,Petrol,Maruti Suzuki
667,Maruti Suzuki Zen LX BSII,Maruti,2004,70000,100000,Petrol,Maruti Suzuki
668,Renault Duster RxL Petrol,Renault,2015,550000,36000,Petrol,Renault Duster
669,Maruti Suzuki Swift VXi 1.2 BS IV,Maruti,2014,370000,11523,Petrol,Maruti Suzuki
670,Maruti Suzuki Baleno Zeta 1.2,Maruti,2018,690000,1000,Petrol,Maruti Suzuki
671,Honda WR V S MT Petrol,Honda,2009,250000,60000,Petrol,Honda WR
672,Tata Indigo CS eLX BS IV,Tata,2016,110000,85000,Diesel,Tata Indigo
673,Renault Duster 110 PS RxL Diesel,Renault,2013,490000,38600,Diesel,Renault Duster
674,Mahindra Scorpio LX BS III,Mahindra,2009,320000,95500,Diesel,Mahindra Scorpio
675,Maruti Suzuki Zen LXi BS III,Maruti,2004,68000,56000,Petrol,Maruti Suzuki
676,Maruti Suzuki Wagon R LXi BS III,Maruti,2014,130000,37458,Petrol,Maruti Suzuki
677,Maruti Suzuki SX4 Celebration Diesel,Maruti,2016,970000,85960,Diesel,Maruti Suzuki
678,Audi A3 Cabriolet 40 TFSI,Audi,2015,3100000,12516,Petrol,Audi A3
679,Hyundai Eon D Lite Plus,Hyundai,2018,280000,35000,Petrol,Hyundai Eon
680,Maruti Suzuki Zen Estilo LXI Green CNG,Maruti,2009,125000,0,Petrol,Maruti Suzuki
681,Mahindra Scorpio SLX,Mahindra,2008,285000,80000,Diesel,Mahindra Scorpio
682,Hyundai Santro AE GLS Audio,Hyundai,2011,165000,45000,Petrol,Hyundai Santro
683,Maruti Suzuki Swift Dzire Tour VDi,Maruti,2009,250000,51000,Diesel,Maruti Suzuki
684,Mahindra Scorpio S4,Mahindra,2015,865000,30000,Diesel,Mahindra Scorpio
685,Mahindra Xylo D2 BS IV,Mahindra,2011,390000,48000,Diesel,Mahindra Xylo
686,Hyundai Santro,Hyundai,2003,60000,51000,Petrol,Hyundai Santro
687,Chevrolet Beat LT Diesel,Chevrolet,2015,215000,90000,Diesel,Chevrolet Beat
688,Maruti Suzuki Swift Dzire VDi,Maruti,2015,475000,43000,Diesel,Maruti Suzuki
689,Mahindra XUV500 W8,Mahindra,2015,899000,53000,Diesel,Mahindra XUV500
690,Toyota Fortuner 3.0 4x4 MT,Toyota,2013,1499000,97000,Diesel,Toyota Fortuner
691,Maruti Suzuki Alto K10 VXi,Maruti,2013,240000,20000,Petrol,Maruti Suzuki
692,Hyundai Getz GLE,Hyundai,2007,99000,55000,Petrol,Hyundai Getz
693,Maruti Suzuki Swift Dzire Tour LDi,Maruti,2014,260000,120000,Diesel,Maruti Suzuki
694,Hyundai Creta 1.6 SX,Hyundai,2019,1200000,0,Petrol,Hyundai Creta
695,Hyundai Santro Xing XL AT eRLX Euro III,Hyundai,2007,115000,46000,Petrol,Hyundai Santro
696,Hyundai Santro Xing XL eRLX Euro III,Hyundai,2009,88000,43200,Petrol,Hyundai Santro
697,Mahindra Xylo D2 BS IV,Mahindra,2011,390000,56000,Diesel,Mahindra Xylo
698,Hyundai Santro Xing XL eRLX Euro III,Hyundai,2007,135000,42000,Petrol,Hyundai Santro
699,Tata Indica V2 DLS BS III,Tata,2009,90000,30600,Diesel,Tata Indica
700,Hyundai i10 Sportz 1.2,Hyundai,2011,220000,38000,Petrol,Hyundai i10
701,Hyundai Grand i10 Magna 1.2 Kappa VTVT,Hyundai,2017,424999,2550,Petrol,Hyundai Grand
702,Hyundai Santro Xing XL AT eRLX Euro III,Hyundai,2007,135000,47000,Petrol,Hyundai Santro
703,Honda City 1.5 E MT,Honda,2005,95000,41000,Petrol,Honda City
704,Nissan Micra XL,Nissan,2017,430000,62500,Diesel,Nissan Micra
705,Honda City 1.5 S Inspire,Honda,2005,115000,68000,Petrol,Honda City
706,Maruti Suzuki Alto 800 Lxi,Maruti,2015,215000,50000,Petrol,Maruti Suzuki
707,Maruti Suzuki Wagon R LX BS III,Maruti,2004,53000,69000,Petrol,Maruti Suzuki
708,Maruti Suzuki Ertiga VDi,Maruti,2012,500000,48000,Diesel,Maruti Suzuki
709,Tata Indica eV2 eXeta eGLX,Tata,2012,85000,55000,Diesel,Tata Indica
710,Maruti Suzuki Omni E 8 STR BS IV,Maruti,2013,165000,25000,Petrol,Maruti Suzuki
711,Hyundai Eon Era Plus,Hyundai,2014,200000,28400,Petrol,Hyundai Eon
712,Hyundai Eon,Hyundai,2014,200000,28000,Petrol,Hyundai Eon
713,Maruti Suzuki Swift LDi,Maruti,2015,425000,42000,Diesel,Maruti Suzuki
714,Hyundai Verna 1.6 CRDI SX Plus AT,Hyundai,2012,600000,29000,Diesel,Hyundai Verna
715,Chevrolet Tavera LS B3 10 Seats BSII,Chevrolet,2005,130000,68485,Diesel,Chevrolet Tavera
716,Tata Tiago Revotron XM,Tata,2018,430000,3500,Petrol,Tata Tiago
717,Tata Tiago Revotorq XZ,Tata,2019,568500,0,Petrol,Tata Tiago
718,Maruti Suzuki Zen LXi BS III,Maruti,2006,71000,32000,Petrol,Maruti Suzuki
719,Mahindra KUV100 K8 D 6 STR,Mahindra,2018,560000,8000,Diesel,Mahindra KUV100
720,Ford EcoSport Titanium 1.5 TDCi,Ford,2014,590000,34000,Diesel,Ford EcoSport
721,Hindustan Motors Ambassador Classic Mark 4 â€“ Befo,Hindustan,1995,750000,37000,Petrol,Hindustan Motors
722,Ford Fusion 1.4 TDCi Diesel,Ford,2007,125000,85455,Diesel,Ford Fusion
723,Hyundai Santro Xing XL AT eRLX Euro III,Hyundai,2007,135000,46000,Petrol,Hyundai Santro
724,Hyundai Santro,Hyundai,2002,60000,47000,Petrol,Hyundai Santro
725,Fiat Linea Emotion 1.4 L T Jet Petrol,Fiat,2009,120000,64000,Petrol,Fiat Linea
726,Ford Ikon 1.3 Flair Josh 100,Ford,2008,95000,46000,Petrol,Ford Ikon
727,Maruti Suzuki Omni E 8 STR BS IV,Maruti,2017,240000,8000,Petrol,Maruti Suzuki
728,Tata Indica V2 LS,Tata,2012,115000,64000,Diesel,Tata Indica
729,Mahindra Scorpio S4,Mahindra,2015,795000,63000,Diesel,Mahindra Scorpio
730,Hyundai Santro Xing XL eRLX Euro III,Hyundai,2007,55000,65000,Petrol,Hyundai Santro
731,Mahindra Xylo D2,Mahindra,2009,300000,62000,Diesel,Mahindra Xylo
732,Hyundai Grand i10 Asta 1.2 Kappa VTVT,Hyundai,2014,320000,41000,Petrol,Hyundai Grand
733,Maruti Suzuki Alto 800 Lxi,Maruti,2015,265000,14000,Petrol,Maruti Suzuki
734,Toyota Corolla,Toyota,2006,160000,40000,Petrol,Toyota Corolla
735,Hyundai Eon Magna,Hyundai,2017,300000,1600,Petrol,Hyundai Eon
736,Tata Sumo Grande MKII GX,Tata,2010,130000,90000,Diesel,Tata Sumo
737,Maruti Suzuki Swift VDi,Maruti,2011,250000,58000,Diesel,Maruti Suzuki
738,Volkswagen Polo Highline1.2L P,Volkswagen,2013,380000,27000,Petrol,Volkswagen Polo
739,Maruti Suzuki Alto 800 Lx,Maruti,2003,42000,60000,Petrol,Maruti Suzuki
740,Tata Tiago Revotron XZ,Tata,2017,400000,31000,Petrol,Tata Tiago
741,Maruti Suzuki Swift LDi,Maruti,2009,120000,90000,Diesel,Maruti Suzuki
742,Maruti Suzuki Swift VDi,Maruti,2009,120000,90000,Diesel,Maruti Suzuki
743,Tata Indigo eCS,Tata,2016,130000,150000,Diesel,Tata Indigo
744,Chevrolet Beat LS Diesel,Chevrolet,2014,189000,31000,Diesel,Chevrolet Beat
745,Mahindra Xylo E8 BS IV,Mahindra,2011,365000,43000,Diesel,Mahindra Xylo
746,Hyundai Eon D Lite Plus,Hyundai,2013,170000,20000,Petrol,Hyundai Eon
747,Tata Sumo Gold FX BSIII,Tata,2013,215000,100000,Petrol,Tata Sumo
748,Tata Nano,Tata,2013,60000,7000,Petrol,Tata Nano
749,Hyundai Elite i20,Hyundai,2017,599999,31000,Petrol,Hyundai Elite
750,Hyundai i10 Magna 1.2 Kappa2,Hyundai,2009,400000,33000,Petrol,Hyundai i10
751,Hyundai Creta,Hyundai,2016,900000,60000,Diesel,Hyundai Creta
752,Volkswagen Polo,Volkswagen,2013,299999,48000,Diesel,Volkswagen Polo
753,Maruti Suzuki Dzire,Maruti,2014,374999,33000,Petrol,Maruti Suzuki
754,Tata Bolt XM Petrol,Tata,2015,600000,15000,Petrol,Tata Bolt
755,Maruti Suzuki Alto 800 Lx,Maruti,2005,70000,47000,Petrol,Maruti Suzuki
756,Maruti Suzuki Alto,Maruti,2005,100000,40000,Petrol,Maruti Suzuki
757,Maruti Suzuki Ritz,Maruti,2010,150000,38000,Diesel,Maruti Suzuki
758,Maruti Suzuki Alto 800 Lxi,Maruti,2017,225000,12500,Petrol,Maruti Suzuki
759,Maruti Suzuki Dzire,Maruti,2009,210000,42000,Petrol,Maruti Suzuki
760,Hyundai i20 Asta,Hyundai,2014,425000,31000,Petrol,Hyundai i20
761,Maruti Suzuki Swift Select Variant,Maruti,2008,162000,60000,Diesel,Maruti Suzuki
762,Tata Indica V2 DLX BS III,Tata,2005,60000,80000,Diesel,Tata Indica
763,Mahindra Scorpio VLX 2.2 mHawk Airbag BSIV,Mahindra,2014,650000,77000,Diesel,Mahindra Scorpio
764,Toyota Innova 2.5 E 8 STR,Toyota,2012,750000,75000,Diesel,Toyota Innova
765,Mahindra Xylo E8,Mahindra,2010,375000,40000,Diesel,Mahindra Xylo
766,Hyundai i20 Magna 1.2,Hyundai,2011,230000,47000,Petrol,Hyundai i20
767,Maruti Suzuki Omni,Maruti,2000,35999,60000,Petrol,Maruti Suzuki
768,Mahindra KUV100,Mahindra,2016,380000,26500,Petrol,Mahindra KUV100
769,Mahindra KUV100 K8 6 STR,Mahindra,2019,560000,2875,Petrol,Mahindra KUV100
770,Datsun Go Plus,Datsun,2016,285000,13900,Petrol,Datsun Go
771,Ford Endeavor 4x4 Thunder Plus,Ford,2019,2900000,9000,Diesel,Ford Endeavor
772,Tata Indica V2,Tata,2005,39999,80000,Diesel,Tata Indica
773,Hyundai Santro Xing GL,Hyundai,2006,85000,60000,Petrol,Hyundai Santro
774,Maruti Suzuki Wagon R 1.0 VXi,Maruti,2016,395000,20000,Petrol,Maruti Suzuki
775,Maruti Suzuki Swift Select Variant,Maruti,2008,175000,58000,Diesel,Maruti Suzuki
776,Maruti Suzuki Alto 800 Lx,Maruti,2019,400000,1500,Petrol,Maruti Suzuki
777,Toyota Innova 2.5 Z Diesel 7 Seater,Toyota,2011,750000,75000,Diesel,Toyota Innova
778,Maruti Suzuki Alto 800,Maruti,2016,250000,2450,Petrol,Maruti Suzuki
779,Maruti Suzuki Alto AX,Maruti,2019,425000,1625,Petrol,Maruti Suzuki
780,Volkswagen Polo Highline1.2L P,Volkswagen,2017,525000,45000,Petrol,Volkswagen Polo
781,Mahindra Logan,Mahindra,2009,130000,65000,Diesel,Mahindra Logan
782,Maruti Suzuki 800 Std BS III,Maruti,2000,30000,33400,Petrol,Maruti Suzuki
783,Mahindra Scorpio,Mahindra,2011,475000,60123,Diesel,Mahindra Scorpio
784,Chevrolet Sail 1.2 LS,Chevrolet,2013,300000,28000,Petrol,Chevrolet Sail
785,Hyundai Santro AE GLS Audio,Hyundai,2003,60000,70000,Petrol,Hyundai Santro
786,Maruti Suzuki Wagon R VXi Minor,Maruti,2006,100000,7000,Petrol,Maruti Suzuki
787,Hyundai Eon,Hyundai,2018,260000,25000,Petrol,Hyundai Eon
788,Tata Manza,Tata,2015,100000,100000,Diesel,Tata Manza
789,Toyota Etios G,Toyota,2013,265000,42000,Petrol,Toyota Etios
790,Hyundai Getz Prime 1.3 GLX,Hyundai,2009,115000,20000,Petrol,Hyundai Getz
791,Toyota Qualis,Toyota,2003,180000,100000,Diesel,Toyota Qualis
792,Hyundai Santro Xing,Hyundai,2004,45000,137495,Petrol,Hyundai Santro
793,Tata Indica eV2 LS,Tata,2016,50500,91200,Diesel,Tata Indica
794,Honda City 1.5 S MT,Honda,2009,270000,55000,Petrol,Honda City
795,Tata Zest XE 75 PS Diesel,Tata,2017,290000,120000,Diesel,Tata Zest
796,Mahindra Quanto C4,Mahindra,2013,325000,63000,Diesel,Mahindra Quanto
797,Tata Indigo eCS LX CR4 BS IV,Tata,2016,160000,104000,Diesel,Tata Indigo
798,Maruti Suzuki Swift Dzire,Maruti,2016,350000,146000,Diesel,Maruti Suzuki
799,Hyundai Elite i20,Hyundai,2011,290000,40000,Petrol,Hyundai Elite
800,Hyundai i20 Select Variant,Hyundai,2011,290000,40000,Petrol,Hyundai i20
801,Chevrolet Tavera Neo,Chevrolet,2007,465000,100800,Diesel,Chevrolet Tavera
802,Maruti Suzuki Dzire,Maruti,2016,325000,150000,Diesel,Maruti Suzuki
803,Hyundai Elite i20,Hyundai,2018,510000,2100,Petrol,Hyundai Elite
804,Honda City VX Petrol,Honda,2016,860000,95000,Petrol,Honda City
805,Maruti Suzuki Dzire,Maruti,2016,450000,2500,Diesel,Maruti Suzuki
806,Hyundai Getz,Hyundai,2006,125000,80000,Petrol,Hyundai Getz
807,Mercedes Benz C Class 200 K MT,Mercedes,2006,500001,15000,Petrol,Mercedes Benz
808,Maruti Suzuki Alto LXi BS III,Maruti,2005,95000,65000,Petrol,Maruti Suzuki
809,Maruti Suzuki Swift Dzire Tour VDi,Maruti,2009,250000,51000,Diesel,Maruti Suzuki
810,Skoda Fabia,Skoda,2009,110000,45000,Petrol,Skoda Fabia
811,Maruti Suzuki Ritz VXI ABS,Maruti,2011,270000,50000,Petrol,Maruti Suzuki
812,Tata Indica V2 DLE BS III,Tata,2009,110000,30000,Diesel,Tata Indica
813,Toyota Corolla Altis,Toyota,2009,300000,132000,Petrol,Toyota Corolla
814,Tata Zest XM Diesel,Tata,2018,260000,27000,Diesel,Tata Zest
815,Mahindra Quanto C8,Mahindra,2013,390000,40000,Diesel,Mahindra Quanto
816,Honda Amaze 1.2 E i VTEC,Honda,2014,180000,45000,Petrol,Honda Amaze
817,Chevrolet Sail 1.2 LT ABS,Chevrolet,2014,160000,45000,Petrol,Chevrolet Sail
